{"BGM":0.4922279715538025,"SE":0.5077720284461975,"Sensitivity":0.4663212299346924}